key,0,1,2,3,4,5,6,7,8,9,10,11,12,13,14
#,UnlockType1,UnlockCriteria1[0],UnlockCriteria1[1],UnlockCriteria1[2],UnlockCriteria1[3],UnlockCriteria1[4],UnlockCriteria1[5],UnlockType2,UnlockCriteria2,UnlockCriteria3,UnlockCriteria4,PrerequisiteType,Prerequisite,UnlockHint,
int32,byte,Row,Row,Row,Row,Row,Row,byte,Row,Row,Row,byte,Row,BannerObtainHintType,bit&01
0,0,,,,,,,0,,,,0,,"",False
1,10,,,,,,,1,,,,0,,"",False
2,5,"表情：咧嘴",,,,,,16,,,,1,"前往游乐场","推进“重生之境”的支线任务进度后解锁获取条件",False
3,5,"表情：沉思",,,,,,5,"演技教材·沉思",,,1,"英雄之卵","推进“重生之境”的主线任务进度后解锁获取条件",False
4,5,"表情：思索",,,,,,2,"拂晓的少年",,,1,"月下芳华","推进“红莲之狂潮”的主线任务进度后解锁获取条件",False
5,5,"表情：忍耐",,,,,,2,"响彻于拂晓之声",,,1,"楔石洞","推进“红莲之狂潮”的主线任务进度后解锁获取条件",False
6,5,"行东方礼",,,,,,2,"失去斗志的协助者",,,1,"奥萨德次大陆","推进“红莲之狂潮”的主线任务进度后解锁获取条件",False
7,5,"打招呼",,,,,,2,"千里急报",,,1,"英雄归来","推进“红莲之狂潮”的主线任务进度后解锁获取条件",False
8,5,"帝国式军礼",,,,,,2,"另一类军礼",,,1,"变装潜入作战","推进“重生之境”的主线任务进度后解锁获取条件",False
9,5,"啦哩吼",,,,,,2," 啦哩吼！！",,,1," 打招呼的特训！","推进“暗影之逆焰”的支线任务进度后解锁获取条件",False
10,5,"准备战斗",,,,,,2,"命运的齿轮",,,1,"向着光明的未来","推进“苍穹之禁城”的主线任务进度后解锁获取条件",False
11,5,"欢呼胜利",,,,,,2,"四国联合军演",,,1,"心灵的选择","推进“苍穹之禁城”的主线任务进度后解锁获取条件",False
12,5,"太棒了！",,,,,,2,"友人的微笑",,,1,"历历在目","推进“苍穹之禁城”的支线任务进度后解锁获取条件",False
13,0,,,,,,,0,,,,0,,"",False
14,5,"投掷",,,,,,2,"冬日的活动",,,0,,"",False
15,5,"托眼镜",,,,,,2,"匿名信疑云",,,1,"传承的使命","推进“苍穹之禁城”的支线任务进度后解锁获取条件",False
16,5,"嘘",,,,,,2,"死斗至黎明",,,1,"萨雷安来使","推进“暗影之逆焰”的主线任务进度后解锁获取条件",False
17,5,"踢踏舞",,,,,,2,"快乐的律动之舞",,,1,"快乐的律动之舞","推进“重生之境”的支线任务进度后解锁获取条件",False
18,5,"丰饶之舞",,,,,,2,"为谁而舞",,,1,"为谁而舞","推进“重生之境”的支线任务进度后解锁获取条件",False
19,5,"宫廷之舞",,,,,,2,"舞女的梦想舞台",,,1,"舞女的梦想舞台","推进“重生之境”的支线任务进度后解锁获取条件",False
20,5,"绅士之舞",,,,,,2,"白发鬼",,,1,"最初的预告函","推进“重生之境”的支线任务进度后解锁获取条件",False
21,0,,,,,,,0,,,,0,,"",False
22,5,"太阳之舞",,,,,,2," 敬畏之人",,,1," 通往友好的宴会","推进“苍穹之禁城”的友好部族任务进度后解锁获取条件",False
23,5,"日月之舞",,,,,,2,"伊修加德的盟友们",,,1,"日月之舞","推进“苍穹之禁城”的友好部族任务进度后解锁获取条件",False
24,5,"莫古莫古舞",,,,,,2," 击碎岩石的修复团！",,,1," 打造石像的修复团！","推进“苍穹之禁城”的友好部族任务进度后解锁获取条件",False
25,5,"哼歌",,,,,,2,"朱色慕恋",,,1,"穿越时空的龟","推进“红莲之狂潮”的支线任务进度后解锁获取条件",False
26,5,"绅士舞步",,,,,,2,"最强的男人不会停歇",,,1,"不为人知的证物","推进“红莲之狂潮”的支线任务进度后解锁获取条件",False
27,5,"练拳",,,,,,2,"冒险邀请",,,1,"红莲之狂潮","推进“红莲之狂潮”的主线任务进度后解锁获取条件",False
28,5,"深情拥抱",,,,,,2,"天长地久",,,1,"拂晓血盟","",True
29,5,"萨维奈舞",,,,,,16,,,,1,"前往游乐场","推进“重生之境”的支线任务进度后解锁获取条件",False
30,5,"黄金之舞",,,,,,16,,,,1,"前往游乐场","推进“重生之境”的支线任务进度后解锁获取条件",False
31,5,"蜜蜂之舞",,,,,,16,,,,1,"前往游乐场","推进“重生之境”的支线任务进度后解锁获取条件",False
32,5,"头痛",,,,,,19,,,,1,"真正的齐格弗里德","推进“青魔法师”的特职任务进度后解锁获取条件",False
33,5,"害怕",,,,,,22,,,,1,"红莲之狂潮","推进“红莲之狂潮”的主线任务进度后解锁获取条件",False
34,5,"单膝跪地",,,,,,22,,,,1,"红莲之狂潮","推进“红莲之狂潮”的主线任务进度后解锁获取条件",False
35,5,"坚持主张",,,,,,18,,,,1,"仰望天穹之街","推进“苍穹之禁城”的支线任务进度后解锁获取条件",False
36,5,"吃面包",,,,,,18,,,,1,"仰望天穹之街","推进“苍穹之禁城”的支线任务进度后解锁获取条件",False
37,5,"吃饭团",,,,,,18,,,,1,"仰望天穹之街","推进“苍穹之禁城”的支线任务进度后解锁获取条件",False
38,5,"看书",,,,,,18,,,,1,"仰望天穹之街","推进“苍穹之禁城”的支线任务进度后解锁获取条件",False
39,5,"击掌",,,,,,18,,,,1,"仰望天穹之街","推进“苍穹之禁城”的支线任务进度后解锁获取条件",False
40,5,"背靠",,,,,,18,,,,1,"仰望天穹之街","推进“苍穹之禁城”的支线任务进度后解锁获取条件",False
41,5,"扫地",,,,,,18,,,,1,"仰望天穹之街","推进“苍穹之禁城”的支线任务进度后解锁获取条件",False
42,5,"大吃一惊",,,,,,16,,,,1,"前往游乐场","推进“重生之境”的支线任务进度后解锁获取条件",False
43,5,"好热",,,,,,20,,,,1,"深渊的天之御柱","推进“红莲之狂潮”的支线任务进度后解锁获取条件",False
44,5,"巡视",,,,,,23,,,,1,"苍鹰归巢作战","推进“暗影之逆焰”的支线任务进度后解锁获取条件",False
45,5,"诅咒",,,,,,23,,,,1,"苍鹰归巢作战","推进“暗影之逆焰”的支线任务进度后解锁获取条件",False
46,5,"抱拳礼",,,,,,12,"演技教材·抱拳礼",,,0,,"",False
47,0,,,,,,,0,,,,0,,"",False
48,5,"胜利欢呼",,,,,,6,"演技教材·胜利欢呼",,,0,,"",False
49,5,"灵光一现",,,,,,6,"演技教材·灵光一现",,,0,,"",False
50,5,"优雅仙人刺",,,,,,6,"演技教材·优雅仙人刺",,,0,,"",False
51,0,,,,,,,0,,,,0,,"",False
52,0,,,,,,,0,,,,0,,"",False
53,0,,,,,,,0,,,,0,,"",False
54,0,,,,,,,0,,,,0,,"",False
55,0,,,,,,,0,,,,0,,"",False
56,5,"后空翻",,,,,,12,"演技教材·后空翻",,,0,,"",False
57,5,"热身",,,,,,12,"演技教材·热身",,,0,,"",False
58,5,"撒娇",,,,,,12,"演技教材·撒娇",,,0,,"",False
59,0,,,,,,,0,,,,0,,"",False
60,5,"练武",,,,,,12,"演技教材·练武",,,0,,"",False
61,0,,,,,,,0,,,,0,,"",False
62,5,"吃水煮蛋",,,,,,6,"演技教材·吃水煮蛋",,,0,,"",False
63,0,,,,,,,0,,,,0,,"",False
64,5,"疑问",,,,,,6,"演技教材·疑问",,,0,,"",False
65,0,,,,,,,0,,,,0,,"",False
66,5,"火盆舞",,,,,,6,"演技教材·火盆舞",,,0,,"",False
67,5,"战队演武正红一式",,,,,,6,"演技教材·战队演武红一式",,,0,,"",False
68,5,"战队演武逆红一式",,,,,,6,"演技教材·战队演武红一式",,,0,,"",False
69,5,"战队演武正黑二式",,,,,,6,"演技教材·战队演武黑二式",,,0,,"",False
70,5,"战队演武逆黑二式",,,,,,6,"演技教材·战队演武黑二式",,,0,,"",False
71,5,"战队演武正黄三式",,,,,,6,"演技教材·战队演武黄三式",,,0,,"",False
72,5,"战队演武逆黄三式",,,,,,6,"演技教材·战队演武黄三式",,,0,,"",False
73,0,,,,,,,0,,,,0,,"",False
74,0,,,,,,,0,,,,0,,"",False
75,0,,,,,,,0,,,,0,,"",False
76,0,,,,,,,0,,,,0,,"",False
77,0,,,,,,,0,,,,0,,"",False
78,5,"方形步",,,,,,12,"演技教材·方形步",,,0,,"",False
79,5,"侧步",,,,,,12,"演技教材·侧步",,,0,,"",False
80,5,"幻想舞步",,,,,,12,"演技教材·幻想舞步",,,0,,"",False
81,5,"波波托步",,,,,,12,"演技教材·波波托步",,,0,,"",False
82,0,,,,,,,0,,,,0,,"",False
83,0,,,,,,,0,,,,0,,"",False
84,0,,,,,,,0,,,,0,,"",False
85,5,"火焰之舞",,,,,,6,"演技教材·火焰之舞",,,0,,"",False
86,0,,,,,,,0,,,,0,,"",False
87,0,,,,,,,0,,,,0,,"",False
88,0,,,,,,,0,,,,0,,"",False
89,0,,,,,,,0,,,,0,,"",False
90,0,,,,,,,0,,,,0,,"",False
91,0,,,,,,,0,,,,0,,"",False
92,0,,,,,,,0,,,,0,,"",False
93,0,,,,,,,0,,,,0,,"",False
94,0,,,,,,,0,,,,0,,"",False
95,5,"振作精神",,,,,,7,"演技教材·振作精神",,,0,,"",False
96,5,"好冷",,,,,,7,"演技教材·好冷",,,0,,"",False
97,5,"说明计划",,,,,,7,"演技教材·说明计划",,,0,,"",False
98,0,,,,,,,0,,,,0,,"",False
99,0,,,,,,,0,,,,0,,"",False
100,0,,,,,,,0,,,,0,,"",False
101,0,,,,,,,0,,,,0,,"",False
102,5,"确认",,,,,,7,"演技教材·确认",,,0,,"",False
103,5,"吃苹果",,,,,,7,"演技教材·吃苹果",,,1,"仰望天穹之街","推进“苍穹之禁城”的支线任务进度后解锁获取条件",False
104,5,"搓手",,,,,,7,"演技教材·搓手",,,0,,"",False
105,0,,,,,,,0,,,,0,,"",False
106,0,,,,,,,0,,,,0,,"",False
107,5,"胡鹰之舞",,,,,,17,,,,1," 比赛吧鲶鱼精","推进“红莲之狂潮”的友好部族任务进度后解锁获取条件",False
108,5,"啦哩吼舞",,,,,,17,,,,1," 守护诺弗兰特的和平！","推进“暗影之逆焰”的友好部族任务进度后解锁获取条件",False
109,0,,,,,,,0,,,,0,,"",False
110,0,,,,,,,0,,,,0,,"",False
111,0,,,,,,,0,,,,0,,"",False
112,5,"对拳",,,,,,8,"演技教材·对拳",,,0,,"",True
113,5,"深蹲",,,,,,11,"可靠的队长1",,,1,"遗失的挑战笔记","推进“重生之境”的支线任务进度后解锁获取条件",False
114,5,"俯卧撑",,,,,,11,"可靠的队长1",,,1,"遗失的挑战笔记","推进“重生之境”的支线任务进度后解锁获取条件",False
115,5,"仰卧起坐",,,,,,11,"可靠的队长1",,,1,"遗失的挑战笔记","推进“重生之境”的支线任务进度后解锁获取条件",False
116,5,"深呼吸",,,,,,11,"可靠的队长1",,,1,"遗失的挑战笔记","推进“重生之境”的支线任务进度后解锁获取条件",False
117,5,"立正",,,,,,5,"演技教材·立正",,,1,"英雄之卵","推进“重生之境”的主线任务进度后解锁获取条件",False
118,5,"稍息",,,,,,5,"演技教材·稍息",,,1,"英雄之卵","推进“重生之境”的主线任务进度后解锁获取条件",False
119,5,"说明",,,,,,21,"ENpcBase#1005244","Level#4270098","演技教材·说明",0,,"",False
120,5,"干劲十足",,,,,,14,,,,0,,"",True
121,5,"亮出武器",,,,,,16,,,,1,"前往游乐场","推进“重生之境”的支线任务进度后解锁获取条件",False
122,5,"收回武器",,,,,,16,,,,1,"前往游乐场","推进“重生之境”的支线任务进度后解锁获取条件",False
123,5,"提醒",,,,,,21,"ENpcBase#1005244","Level#4270098","演技教材·提醒",0,,"",False
124,9,,,,,,,21,"ENpcBase#1038441","Level#9159882","肖像教材：骑士",0,,"",False
125,9,,,,,,,21,"ENpcBase#1038441","Level#9159882","肖像教材：战士",0,,"",False
126,9,,,,,,,21,"ENpcBase#1038441","Level#9159882","肖像教材：暗黑骑士",0,,"",False
127,9,,,,,,,21,"ENpcBase#1038441","Level#9159882","肖像教材：绝枪战士",0,,"",False
128,9,,,,,,,21,"ENpcBase#1038441","Level#9159882","肖像教材：白魔法师",0,,"",False
129,9,,,,,,,21,"ENpcBase#1038441","Level#9159882","肖像教材：学者",0,,"",False
130,9,,,,,,,21,"ENpcBase#1038441","Level#9159882","肖像教材：占星术士",0,,"",False
131,9,,,,,,,21,"ENpcBase#1038441","Level#9159882","肖像教材：贤者",0,,"",False
132,9,,,,,,,21,"ENpcBase#1038441","Level#9159882","肖像教材：武僧",0,,"",False
133,9,,,,,,,21,"ENpcBase#1038441","Level#9159882","肖像教材：龙骑士",0,,"",False
134,9,,,,,,,21,"ENpcBase#1038441","Level#9159882","肖像教材：忍者",0,,"",False
135,9,,,,,,,21,"ENpcBase#1038441","Level#9159882","肖像教材：武士",0,,"",False
136,9,,,,,,,21,"ENpcBase#1038441","Level#9159882","肖像教材：钐镰客",0,,"",False
137,9,,,,,,,21,"ENpcBase#1038441","Level#9159882","肖像教材：吟游诗人",0,,"",False
138,9,,,,,,,21,"ENpcBase#1038441","Level#9159882","肖像教材：机工士",0,,"",False
139,9,,,,,,,21,"ENpcBase#1038441","Level#9159882","肖像教材：舞者",0,,"",False
140,9,,,,,,,21,"ENpcBase#1038441","Level#9159882","肖像教材：黑魔法师",0,,"",False
141,9,,,,,,,21,"ENpcBase#1038441","Level#9159882","肖像教材：召唤师",0,,"",False
142,9,,,,,,,21,"ENpcBase#1038441","Level#9159882","肖像教材：赤魔法师",0,,"",False
143,9,,,,,,,14,,,,0,,"",True
144,9,,,,,,,14,,,,0,,"",True
145,9,,,,,,,11,"冲突的王者",,,0,,"",True
146,11,,,,,,,11,"冲突的勇者",,,0,,"",True
147,11,,,,,,,11,"冲突的获奖者",,,0,,"",True
148,11,,,,,,,13,"ENpcBase#1005417","Level#6245610",,0,,"",True
149,11,,,,,,,13,"ENpcBase#1005417","Level#6245610",,0,,"",True
150,11,,,,,,,13,"ENpcBase#1005417","Level#6245610",,0,,"",True
151,11,,,,,,,13,"ENpcBase#1005417","Level#6245610",,0,,"",True
152,11,,,,,,,13,"ENpcBase#1005417","Level#6245610",,0,,"",True
153,9,,,,,,,13,"ENpcBase#1005417","Level#6245610",,0,,"",True
154,2,,,,,,,9,,,,0,,"",False
155,2,,,,,,,10,,,,0,,"",False
156,1,"纳尔札尔双剑",,,,,,2,"纳尔札尔双剑",,,1,"利剑与铁拳的交锋","推进“剑术师”的职业任务进度后解锁获取条件",False
157,1,"斩断宿怨之日",,,,,,2,"斩断宿怨之日",,,1,"突破阻隔","推进“斧术师”的职业任务进度后解锁获取条件",False
158,1,"领悟自然",,,,,,2,"领悟自然",,,1,"心为森所惑","推进“幻术师”的职业任务进度后解锁获取条件",False
159,1,"拳圣",,,,,,2,"拳圣",,,1,"烈火光明星，驰骋奔流星","推进“格斗家”的职业任务进度后解锁获取条件",False
160,1,"勇气的证明",,,,,,2,"勇气的证明",,,1,"功勋卓越之人","推进“枪术师”的职业任务进度后解锁获取条件",False
161,1,"触手可及的胜利",,,,,,2,"触手可及的胜利",,,1,"黑市商人之死","推进“双剑师”的职业任务进度后解锁获取条件",False
162,1,"毫无迷惘的眼瞳",,,,,,2,"毫无迷惘的眼瞳",,,1,"雾中的歧路","推进“弓箭手”的职业任务进度后解锁获取条件",False
163,1,"胆小之人的勇气",,,,,,2,"胆小之人的勇气",,,1,"射向深渊的光","推进“咒术师”的职业任务进度后解锁获取条件",False
164,1,"秘术最高级命题的证明",,,,,,2,"秘术最高级命题的证明",,,1,"洒脱的佯攻战术","推进“秘术师”的职业任务进度后解锁获取条件",False
165,1,"自由骑士的誓约",,,,,,2,"自由骑士的誓约",,,0,,"",False
166,1,"责任与使命",,,,,,2,"责任与使命",,,0,,"",False
167,1,"来自深渊",,,,,,2,"来自深渊",,,0,,"",False
168,1,"成为绝枪战士",,,,,,2,"成为绝枪战士",,,0,,"",False
169,1,"伟人的后继者",,,,,,2,"伟人的后继者",,,0,,"",False
170,1,"被遗忘的学问",,,,,,2,"被遗忘的学问",,,0,,"",False
171,1,"通往天界之路",,,,,,2,"通往天界之路",,,0,,"",False
172,1,"贤者的誓词",,,,,,2,"贤者的誓词",,,0,,"",False
173,1,"亡国的雷鸣",,,,,,2,"亡国的雷鸣",,,0,,"",False
174,1,"龙眼",,,,,,2,"龙眼",,,0,,"",False
175,1,"月与影",,,,,,2,"月与影",,,0,,"",False
176,1,"武士之路",,,,,,2,"武士之路",,,0,,"",False
177,1,"何谓钐镰客",,,,,,2,"何谓钐镰客",,,0,,"",False
178,1,"诗与弓交织的旋律",,,,,,2,"诗与弓交织的旋律",,,0,,"",False
179,1,"工房救星",,,,,,2,"工房救星",,,0,,"",False
180,1,"舞者降临",,,,,,2,"舞者降临",,,0,,"",False
181,1,"罪人的低语，命运的神谕",,,,,,2,"罪人的低语，命运的神谕",,,0,,"",False
182,1,"业火的召唤",,,,,,2,"业火的召唤",,,0,,"",False
183,1,"成为赤魔法师",,,,,,2,"成为赤魔法师",,,0,,"",False
184,1,"自称青魔法师的男人",,,,,,2,"自称青魔法师的男人",,,0,,"",False
185,1,"高举骑士的圣剑",,,,,,2,"高举骑士的圣剑",,,1,"各怀异心","推进“骑士”的特职任务进度后解锁获取条件",False
186,1,"顶级战士",,,,,,2,"顶级战士",,,1,"较量","推进“战士”的特职任务进度后解锁获取条件",False
187,1,"英雄的幻影",,,,,,2,"英雄的幻影",,,1,"与世为敌","推进“暗黑骑士”的特职任务进度后解锁获取条件",False
188,1,"镇抚的仪式",,,,,,2,"镇抚的仪式",,,1,"恶徒的报应","推进“白魔法师”的特职任务进度后解锁获取条件",False
189,1,"新时代的学者",,,,,,2,"新时代的学者",,,1,"军事学治疗法","推进“学者”的特职任务进度后解锁获取条件",False
190,1,"冰枪的试炼",,,,,,2,"冰枪的试炼",,,1,"蕾薇瓦老师的特别指导","推进“占星术士”的特职任务进度后解锁获取条件",False
191,1,"废王的回归",,,,,,2,"废王的回归",,,1,"无明的内地","推进“武僧”的特职任务进度后解锁获取条件",False
192,1,"苍天之龙骑士",,,,,,2,"苍天之龙骑士",,,1,"邪龙之声","推进“龙骑士”的特职任务进度后解锁获取条件",False
193,1,"师与徒",,,,,,2,"师与徒",,,1,"心与行","推进“忍者”的特职任务进度后解锁获取条件",False
194,1,"生命的赞歌",,,,,,2,"生命的赞歌",,,1,"渴求净罪之地","推进“吟游诗人”的特职任务进度后解锁获取条件",False
195,1,"赌上名誉的战斗",,,,,,2,"赌上名誉的战斗",,,1,"逆境","推进“机工士”的特职任务进度后解锁获取条件",False
196,1,"黑魔的引导，法师的真实",,,,,,2,"黑魔的引导，法师的真实",,,1,"求索的旅途，绸缪的出路","推进“黑魔法师”的特职任务进度后解锁获取条件",False
197,1,"邪道与正道",,,,,,2,"邪道与正道",,,1,"烈风的召唤","推进“召唤师”的特职任务进度后解锁获取条件",False
198,1,"第二代蓝色假面",,,,,,2,"第二代蓝色假面",,,1,"青天霹雳","推进“青魔法师”的特职任务进度后解锁获取条件",False
199,1,"真正的骑士",,,,,,2,"真正的骑士",,,1,"消灭毒蝎","推进“骑士”的特职任务进度后解锁获取条件",False
200,1,"为保护一切的乱击",,,,,,2,"为保护一切的乱击",,,1,"斩不断的恐惧","推进“战士”的特职任务进度后解锁获取条件",False
201,1,"消逝于云海间",,,,,,2,"消逝于云海间",,,1,"奥义的答案","推进“暗黑骑士”的特职任务进度后解锁获取条件",False
202,1,"治愈之手",,,,,,2,"治愈之手",,,1,"困惑的角尊","推进“白魔法师”的特职任务进度后解锁获取条件",False
203,1,"新时代的海兵团",,,,,,2,"新时代的海兵团",,,1,"消失的大妖异","推进“学者”的特职任务进度后解锁获取条件",False
204,1,"命运之手",,,,,,2,"命运之手",,,1,"守护睿智之人","推进“占星术士”的特职任务进度后解锁获取条件",False
205,1,"力量与责任",,,,,,2,"力量与责任",,,1,"笼中之鸟","推进“武僧”的特职任务进度后解锁获取条件",False
206,1,"誓言与枪同在",,,,,,2,"誓言与枪同在",,,1,"血染的命运","推进“龙骑士”的特职任务进度后解锁获取条件",False
207,1,"雪与雨",,,,,,2,"雪与雨",,,1,"圆与缺","推进“忍者”的特职任务进度后解锁获取条件",False
208,1,"极恶之人木枯",,,,,,2,"极恶之人木枯",,,1,"皇都鸳鸯崖下呓","推进“武士”的特职任务进度后解锁获取条件",False
209,1,"终焉的战歌",,,,,,2,"终焉的战歌",,,1,"诗圣就在天空中","推进“吟游诗人”的特职任务进度后解锁获取条件",False
210,1,"瞄准！我们的未来",,,,,,2,"瞄准！我们的未来",,,1,"惭愧！锈铁的罪孽","推进“机工士”的特职任务进度后解锁获取条件",False
211,1,"破坏的烈焰，治愈的清流",,,,,,2,"破坏的烈焰，治愈的清流",,,1,"鲁莽的制裁，正义的光辉","推进“黑魔法师”的特职任务进度后解锁获取条件",False
212,1,"破除黑暗，绽放光明",,,,,,2,"破除黑暗，绽放光明",,,1,"召唤远古之力","推进“召唤师”的特职任务进度后解锁获取条件",False
213,1,"最后的抗争",,,,,,2,"最后的抗争",,,1,"兰巴德的幻影","推进“赤魔法师”的特职任务进度后解锁获取条件",False
214,1,"永别了，初代蓝色假面",,,,,,2,"永别了，初代蓝色假面",,,1,"真正的齐格弗里德","推进“青魔法师”的特职任务进度后解锁获取条件",False
215,1,"为了更强",,,,,,2,"为了更强",,,1,"决赛风波","推进“骑士”的特职任务进度后解锁获取条件",False
216,1,"燃烧吧高吉",,,,,,2,"燃烧吧高吉",,,1,"前往东方","推进“战士”的特职任务进度后解锁获取条件",False
217,1,"再次相见",,,,,,2,"再次相见",,,1,"奇迹的结束","推进“暗黑骑士”的特职任务进度后解锁获取条件",False
218,1,"真正的绝枪战士",,,,,,2,"真正的绝枪战士",,,1,"强敌来袭？保护流亡的魔导技师！","推进“绝枪战士”的特职任务进度后解锁获取条件",False
219,1,"角尊的宝贝",,,,,,2,"角尊的宝贝",,,1,"角尊严厉的规定","推进“白魔法师”的特职任务进度后解锁获取条件",False
220,1,"穿越时空的夙愿",,,,,,2,"穿越时空的夙愿",,,1,"小仙女的下落","推进“学者”的特职任务进度后解锁获取条件",False
221,1,"天地交融",,,,,,2,"天地交融",,,1,"风起云涌黄金港","推进“占星术士”的特职任务进度后解锁获取条件",False
222,1,"守护之力",,,,,,2,"守护之力",,,1,"自己的路","推进“武僧”的特职任务进度后解锁获取条件",False
223,1,"红血之龙骑士",,,,,,2,"红血之龙骑士",,,1,"漆黑的巨龙","推进“龙骑士”的特职任务进度后解锁获取条件",False
224,1,"影隐忍法贴",,,,,,2,"影隐忍法贴",,,1,"始祖密令","推进“忍者”的特职任务进度后解锁获取条件",False
225,1,"决战龟甲岛",,,,,,2,"决战龟甲岛",,,1,"讨伐雨月","推进“武士”的特职任务进度后解锁获取条件",False
226,1,"和平颂歌",,,,,,2,"和平颂歌",,,1,"各自的决断","推进“吟游诗人”的特职任务进度后解锁获取条件",False
227,1,"认同彼此",,,,,,2,"认同彼此",,,1,"火枪队发现疑点","推进“机工士”的特职任务进度后解锁获取条件",False
228,1,"最精彩的演出",,,,,,2,"最精彩的演出",,,1,"老师的信赖","推进“舞者”的特职任务进度后解锁获取条件",False
229,1,"通向未来的记忆",,,,,,2,"通向未来的记忆",,,1,"魔石的渴求","推进“黑魔法师”的特职任务进度后解锁获取条件",False
230,1,"召唤师的使命",,,,,,2,"召唤师的使命",,,1,"亚拉戈的记录","推进“召唤师”的特职任务进度后解锁获取条件",False
231,1,"抗争之力",,,,,,2,"抗争之力",,,1,"莉莉丝的后裔","推进“赤魔法师”的特职任务进度后解锁获取条件",False
232,1,"青魔法的未来",,,,,,2,"青魔法的未来",,,1,"模仿师格格","推进“青魔法师”的特职任务进度后解锁获取条件",False
233,0,,,,,,,0,,,,0,,"",False
234,0,,,,,,,0,,,,0,,"",False
235,1,"你曾说过的话",,,,,,2,"你曾说过的话",,,1,"摇摆的天平","",False
236,1,"光荣的被驱逐者",,,,,,2,"光荣的被驱逐者",,,1,"坑道的真相","",False
237,1,"不朽的搭档",,,,,,2,"不朽的搭档",,,1,"四处徘徊的勇德","",False
238,1,"终于又能见到你了",,,,,,2,"终于又能见到你了",,,1,"缇纳，加油","",False
239,1,"未来之路",,,,,,2,"未来之路",,,1,"兽之心，元灵之心","",False
240,1,"目送生者前行",,,,,,2,"目送生者前行",,,1,"战友已逝","",False
241,1,"驶向融合的巨轮",,,,,,2,"驶向融合的巨轮",,,1,"海雄旅团的秘策","",False
242,1,"英魂安息",,,,,,2,"英魂安息",,,1,"寄宿在遗物中的灵魂","",False
243,1,"仰望苍穹，不断迈进",,,,,,2,"仰望苍穹，不断迈进",,,1,"伟大的战争神，请引导我们","",False
244,1,"刻木匠贝亚坦师傅",,,,,,2,"刻木匠贝亚坦师傅",,,0,,"",False
245,1,"锻铁匠布瑞赛尔",,,,,,2,"锻铁匠布瑞赛尔",,,0,,"",False
246,1,"赫·纳恩萨首席造船师",,,,,,2,"赫·纳恩萨首席造船师",,,0,,"",False
247,1,"雕金少女赛伦蒂碧提",,,,,,2,"雕金少女赛伦蒂碧提",,,0,,"",False
248,1,"制革匠盖娃大姐",,,,,,2,"制革匠盖娃大姐",,,0,,"",False
249,1,"秀丽的裁衣匠雷多伦特·罗斯",,,,,,2,"秀丽的裁衣匠雷多伦特·罗斯",,,0,,"",False
250,1,"偏执的炼金术士塞文利安",,,,,,2,"偏执的炼金术士塞文利安",,,0,,"",False
251,1,"林格萨斯总厨师长",,,,,,2,"林格萨斯总厨师长",,,0,,"",False
252,1,"青出于蓝，进取不断",,,,,,2,"青出于蓝，进取不断",,,1,"爱别离苦","推进“刻木匠”的职业任务进度后解锁获取条件",False
253,1,"铸入利剑中的心意",,,,,,2,"铸入利剑中的心意",,,1,"送给美女剑士的礼物","推进“锻铁匠”的职业任务进度后解锁获取条件",False
254,1,"铸甲匠的信念",,,,,,2,"铸甲匠的信念",,,1,"个人胜负与行会危机","推进“铸甲匠”的职业任务进度后解锁获取条件",False
255,1,"起源的珍珠",,,,,,2,"起源的珍珠",,,1,"色彩缤纷的王冠","推进“雕金匠”的职业任务进度后解锁获取条件",False
256,1,"生命的光彩",,,,,,2,"生命的光彩",,,1,"危机来临","推进“制革匠”的职业任务进度后解锁获取条件",False
257,1,"恋爱战士的战斗服",,,,,,2,"恋爱战士的战斗服",,,1,"服装的极限","推进“裁衣匠”的职业任务进度后解锁获取条件",False
258,1,"一瞬间的奇迹",,,,,,2,"一瞬间的奇迹",,,1,"禁忌的研究","推进“炼金术士”的职业任务进度后解锁获取条件",False
259,1,"美食家罗罗力特的复仇",,,,,,2,"美食家罗罗力特的复仇",,,1,"海外思乡的厨艺","推进“烹调师”的职业任务进度后解锁获取条件",False
260,1,"父与子的宿命",,,,,,2,"父与子的宿命",,,1,"对龙陷阱","推进“刻木匠”的职业任务进度后解锁获取条件",False
261,1,"名匠与英雄",,,,,,2,"名匠与英雄",,,1,"宝剑与名匠","推进“锻铁匠”的职业任务进度后解锁获取条件",False
262,1,"同伴的意义",,,,,,2,"同伴的意义",,,1,"重生的男子汉","推进“铸甲匠”的职业任务进度后解锁获取条件",False
263,1,"结缘之物",,,,,,2,"结缘之物",,,1,"注入思念","推进“雕金匠”的职业任务进度后解锁获取条件",False
264,1,"无尽的野心",,,,,,2,"无尽的野心",,,1,"开拓新客户","推进“制革匠”的职业任务进度后解锁获取条件",False
265,1,"母亲的秘密",,,,,,2,"母亲的秘密",,,1,"顽固的母亲","推进“裁衣匠”的职业任务进度后解锁获取条件",False
266,1,"人心所向的结局",,,,,,2,"人心所向的结局",,,1,"处心积虑的犯罪","推进“炼金术士”的职业任务进度后解锁获取条件",False
267,1,"待客之心",,,,,,2,"待客之心",,,1,"为他人着想的食谱","推进“烹调师”的职业任务进度后解锁获取条件",False
268,1,"平等的茶会",,,,,,2,"平等的茶会",,,1,"一张安乐椅","推进“刻木匠”的职业任务进度后解锁获取条件",False
269,1,"雪花的挑战",,,,,,2,"雪花的挑战",,,1,"雪花的烦恼","推进“锻铁匠”的职业任务进度后解锁获取条件",False
270,1,"技术交流",,,,,,2,"技术交流",,,1,"何为个性","推进“铸甲匠”的职业任务进度后解锁获取条件",False
271,1,"女王的美梦",,,,,,2,"女王的美梦",,,1,"报恩大作战","推进“雕金匠”的职业任务进度后解锁获取条件",False
272,1,"向生命致敬",,,,,,2,"向生命致敬",,,1,"好事多磨","推进“制革匠”的职业任务进度后解锁获取条件",False
273,1,"翩翩天女的礼服",,,,,,2,"翩翩天女的礼服",,,1,"一决胜负的礼服","推进“裁衣匠”的职业任务进度后解锁获取条件",False
274,1,"光阴无法磨灭的爱",,,,,,2,"光阴无法磨灭的爱",,,1,"罪与责","推进“炼金术士”的职业任务进度后解锁获取条件",False
275,1,"真心的味道",,,,,,2,"真心的味道",,,1,"寿司的味道","推进“烹调师”的职业任务进度后解锁获取条件",False
276,1,"采矿工阿达尔博塔女士",,,,,,2,"采矿工阿达尔博塔女士",,,0,,"",False
277,1,"首席园艺工弗弗茶",,,,,,2,"首席园艺工弗弗茶",,,0,,"",False
278,1,"代理渔头希希蒲",,,,,,2,"代理渔头希希蒲",,,0,,"",False
279,1,"峡谷深处的阳光",,,,,,2,"峡谷深处的阳光",,,1,"琥珀色的悔意","推进“采矿工”的职业任务进度后解锁获取条件",False
280,1,"希望的种子",,,,,,2,"希望的种子",,,1,"战火仍未平息","推进“园艺师”的职业任务进度后解锁获取条件",False
281,1,"网仓大危机",,,,,,2,"网仓大危机",,,1,"云破鱼现","推进“捕鱼人”的职业任务进度后解锁获取条件",False
282,1,"再次踏上旅途",,,,,,2,"再次踏上旅途",,,1,"深度挖掘","推进“采矿工”的职业任务进度后解锁获取条件",False
283,1,"连载最终回«种子无国界»",,,,,,2,"连载最终回«种子无国界»",,,1,"连载第三回«跨越苦难，追逐梦想»","推进“园艺师”的职业任务进度后解锁获取条件",False
284,1,"最后的乐园",,,,,,2,"最后的乐园",,,1,"是美味还是毒药？","推进“捕鱼人”的职业任务进度后解锁获取条件",False
285,1,"团结一心",,,,,,2,"团结一心",,,1,"最技研的改变","推进“采矿工”的职业任务进度后解锁获取条件",False
286,1,"她和她的菜园",,,,,,2,"她和她的菜园",,,1,"白色的灾难","推进“园艺师”的职业任务进度后解锁获取条件",False
287,1,"意外的收获",,,,,,2,"意外的收获",,,1,"危机的源头","推进“捕鱼人”的职业任务进度后解锁获取条件",False
288,1,"黑铁工房",,,,,,2,"黑铁工房",,,1,"新顾客是恩莫族？","",False
289,1,"实录数据003“修复羁绊的工匠”",,,,,,2,"实录数据003“修复羁绊的工匠”",,,1,"实录数据002“点亮工房的工匠”","",False
290,1,"治愈旧伤",,,,,,2,"治愈旧伤",,,1,"容身之处","",False
291,1,"接近传说中的生物萨迈尔的真相！",,,,,,2,"接近传说中的生物萨迈尔的真相！",,,1,"传说中的生物萨迈尔实际存在着？！","",False
292,1,"水晶病的治疗方法",,,,,,2,"水晶病的治疗方法",,,1,"纸与鱼","",False
293,1,"与古代的对话",,,,,,2,"与古代的对话",,,1,"陷入困境的露露夏","",False
294,1,"约定的星星",,,,,,2,"约定的星星",,,1,"裘德的成长","",False
295,1,"萨雷安的饮食文化",,,,,,2,"萨雷安的饮食文化",,,1,"美味的完美食料","",False
296,1,"美妙的结局",,,,,,2,"美妙的结局",,,1,"关于重要的时间","",False
297,1,"海港的未来",,,,,,2,"海港的未来",,,1,"鱼类丰富的时代","",False
298,1,"金碟欢迎您",,,,,,2,"金碟欢迎您",,,0,,"",False
299,1,"消失在铜铃中的梦",,,,,,2,"消失在铜铃中的梦",,,1,"沙之都的工作","推进“重生之境”的主线任务进度后解锁获取条件",False
300,1,"坚守之物",,,,,,2,"坚守之物",,,1,"为了更强","推进“骑士”的特职任务进度后解锁获取条件",False
301,1,"战士归来",,,,,,2,"战士归来",,,1,"燃烧吧高吉","推进“战士”的特职任务进度后解锁获取条件",False
302,1,"一往无前的孤高骑士",,,,,,2,"一往无前的孤高骑士",,,1,"再次相见","推进“暗黑骑士”的特职任务进度后解锁获取条件",False
303,1,"另一位绝枪战士",,,,,,2,"另一位绝枪战士",,,1,"真正的绝枪战士","推进“绝枪战士”的特职任务进度后解锁获取条件",False
304,1,"治愈之力的源泉",,,,,,2,"治愈之力的源泉",,,1,"角尊的宝贝","推进“白魔法师”的特职任务进度后解锁获取条件",False
305,1,"新次元学者",,,,,,2,"新次元学者",,,1,"穿越时空的夙愿","推进“学者”的特职任务进度后解锁获取条件",False
306,1,"蕾薇瓦恋爱了？",,,,,,2,"蕾薇瓦恋爱了？",,,1,"天地交融","推进“占星术士”的特职任务进度后解锁获取条件",False
307,1,"生命瞬逝，术道恒久",,,,,,2,"生命瞬逝，术道恒久",,,1,"誓言化作希望","推进“贤者”的特职任务进度后解锁获取条件",False
308,1,"星导继承者",,,,,,2,"星导继承者",,,1,"守护之力","推进“武僧”的特职任务进度后解锁获取条件",False
309,1,"献给那孤高的守护者",,,,,,2,"献给那孤高的守护者",,,1,"红血之龙骑士","推进“龙骑士”的特职任务进度后解锁获取条件",False
310,1,"胧的秘策",,,,,,2,"胧的秘策",,,1,"影隐忍法贴","推进“忍者”的特职任务进度后解锁获取条件",False
311,1,"仗剑行侠无双斋传",,,,,,2,"仗剑行侠无双斋传",,,1,"决战龟甲岛","推进“武士”的特职任务进度后解锁获取条件",False
312,1,"暗杀道",,,,,,2,"暗杀道",,,1,"浓于血的关系","推进“钐镰客”的特职任务进度后解锁获取条件",False
313,1,"响彻云霄的三重奏",,,,,,2,"响彻云霄的三重奏",,,1,"和平颂歌","推进“吟游诗人”的特职任务进度后解锁获取条件",False
314,1,"开创！机工士的明天",,,,,,2,"开创！机工士的明天",,,1,"认同彼此","推进“机工士”的特职任务进度后解锁获取条件",False
315,1,"向新天地进发",,,,,,2,"向新天地进发",,,1,"最精彩的演出","推进“舞者”的特职任务进度后解锁获取条件",False
316,1,"精诚所至，金石为开",,,,,,2,"精诚所至，金石为开",,,1,"通向未来的记忆","推进“黑魔法师”的特职任务进度后解锁获取条件",False
317,1,"次优召唤师",,,,,,2,"次优召唤师",,,1,"召唤师的使命","推进“召唤师”的特职任务进度后解锁获取条件",False
318,1,"以剑承志",,,,,,2,"以剑承志",,,1,"抗争之力","推进“赤魔法师”的特职任务进度后解锁获取条件",False
319,4,,,,,,,3,,,,3,,"开放“红莲之狂潮”的指定绝境战后解锁获取条件",False
320,4,,,,,,,3,,,,3,,"开放“红莲之狂潮”的指定绝境战后解锁获取条件",False
321,4,,,,,,,3,,,,3,,"开放“暗影之逆焰”的指定绝境战后解锁获取条件",False
322,4,,,,,,,3,,,,3,,"开放“晓月之终途”的指定绝境战后解锁获取条件",False
323,9,,,,,,,11,"冲突的王者第2赛季",,,0,,"",True
324,11,,,,,,,11,"冲突的勇者第2赛季",,,0,,"",True
325,11,,,,,,,11,"冲突的获奖者第2赛季",,,0,,"",True
326,11,,,,,,,13,"ENpcBase#1005417","Level#6245610",,0,,"",True
327,11,,,,,,,13,"ENpcBase#1005417","Level#6245610",,0,,"",True
328,11,,,,,,,13,"ENpcBase#1005417","Level#6245610",,0,,"",True
329,11,,,,,,,13,"ENpcBase#1005417","Level#6245610",,0,,"",True
330,11,,,,,,,13,"ENpcBase#1005417","Level#6245610",,0,,"",True
331,9,,,,,,,13,"ENpcBase#1005417","Level#6245610",,0,,"",True
332,9,,,,,,,11,"冲突的王者第3赛季",,,0,,"",True
333,11,,,,,,,11,"冲突的勇者第3赛季",,,0,,"",True
334,11,,,,,,,11,"冲突的获奖者第3赛季",,,0,,"",True
335,11,,,,,,,13,"ENpcBase#1005417","Level#6245610",,0,,"",True
336,11,,,,,,,13,"ENpcBase#1005417","Level#6245610",,0,,"",True
337,11,,,,,,,13,"ENpcBase#1005417","Level#6245610",,0,,"",True
338,11,,,,,,,13,"ENpcBase#1005417","Level#6245610",,0,,"",True
339,11,,,,,,,13,"ENpcBase#1005417","Level#6245610",,0,,"",True
340,9,,,,,,,13,"ENpcBase#1005417","Level#6245610",,0,,"",True
341,9,,,,,,,14,,,,0,,"",True
342,9,,,,,,,14,,,,0,,"",True
343,9,,,,,,,24,,,,3,,"推进“晓月之终途”的支线任务进度后解锁获取条件",False
344,9,,,,,,,17,,,,1," 生命、宇宙与咖啡豆","推进“晓月之终途”的友好部族任务进度后解锁获取条件",False
345,5,"观战",,,,,,14,,,,0,,"",True
346,1,"英雄之卵",,,,,,2,"英雄之卵",,,1,"凶猛火神伊弗利特","推进“重生之境”的主线任务进度后解锁获取条件",False
347,2,,,,,,,15,,,,1,"诗与弓交织的旋律","推进“吟游诗人”的特职任务进度后解锁获取条件",False
348,6,"自走人偶001号",,,,,,30,,,,0,,"",False
349,6,"巧儿陆行鸟",,,,,,30,,,,0,,"",False
350,6,"爆弹仔",,,,,,30,,,,0,,"",False
351,6,"贝希摩斯宝宝",,,,,,12,"贝希摩斯宝宝",,,0,,"",False
352,6,"魔界花骨朵",,,,,,31,,,,4,"毒雾洞窟黄金谷","突破“重生之境”的指定迷宫后解锁获取条件",False
353,6,"灰尘兔",,,,,,29,,,,0,,"",False
354,6,"幼小仙人掌",,,,,,2,"尸念之情",,,1,"黄沙之光","推进“重生之境”的支线任务进度后解锁获取条件",False
355,6,"小壳蟹",,,,,,7,"小壳蟹",,,0,,"",False
356,6,"发芽小猩猩",,,,,,2,"人的命运，酒的命运",,,1,"友情之果","推进“重生之境”的主线任务进度后解锁获取条件",False
357,6,"恶魔砖块",,,,,,31,,,,4,"邪教驻地无限城古堡","突破“重生之境”的指定迷宫后解锁获取条件",False
358,6,"手指光标",,,,,,28,,,,0,,"",False
359,6,"卢恩人玩偶",,,,,,7,"卢恩人玩偶",,,0,,"",False
360,6,"小狼",,,,,,2,"拯救小狼犬",,,1,"海港的野兽们","推进“重生之境”的支线任务进度后解锁获取条件",False
361,6,"长须小豹",,,,,,2,"魔兽守护之物",,,1,"海港的野兽们","推进“重生之境”的支线任务进度后解锁获取条件",False
362,6,"冬贝利玩偶",,,,,,7,"冬贝利玩偶",,,0,,"",False
363,6,"魔法扫帚",,,,,,7,"魔法扫帚",,,0,,"",False
364,6,"莫古力娃娃",,,,,,12,"莫古力娃娃",,,0,,"",False
365,6,"食果花鼠",,,,,,7,"食果花鼠",,,0,,"",False
366,6,"猫小胖",,,,,,7,"猫小胖",,,0,,"",False
367,6,"河童童",,,,,,16,,,,1,"前往游乐场","推进“重生之境”的支线任务进度后解锁获取条件",False
368,6,"追踪系统",,,,,,2,"博物战舰无限回廊",,,1,"苍穹之禁城","推进“苍穹之禁城”的支线任务进度后解锁获取条件",False
369,6,"猴面雀儿",,,,,,18,,,,1,"仰望天穹之街","推进“苍穹之禁城”的支线任务进度后解锁获取条件",False
370,6,"叶小妖妖",,,,,,31,,,,4,"草木庭园圣茉夏娜植物园","突破“苍穹之禁城”的指定迷宫后解锁获取条件",False
371,6,"獭獭",,,,,,7,"獭獭",,,0,,"",False
372,6,"迷你鲶鱼精",,,,,,7,"迷你鲶鱼精",,,0,,"",False
373,6,"迷你库洛",,,,,,4,"库洛·阿里亚珀","Level#6526530","迷你库洛",1,"天书奇谈","推进“苍穹之禁城”的支线任务进度后解锁获取条件",False
374,6,"豆豆柴",,,,,,7,"豆豆柴",,,0,,"",False
375,6,"隆卡的水蛇？",,,,,,2," 隆卡的守护者们",,,1," 双胞胎的祈祷","推进“暗影之逆焰”的支线任务进度后解锁获取条件",False
376,6,"大河狸",,,,,,4,"大河狸","Level#7989343","大河狸",1," 全军覆没","推进“暗影之逆焰”的支线任务进度后解锁获取条件",False
377,6,"鲨鱼指挥官",,,,,,11,"游钓大洋1",,,1,"引人注目的出海垂钓","推进“重生之境”的支线任务进度后解锁获取条件",False
378,6,"凯特西娃娃",,,,,,12,"凯特西娃娃",,,0,,"",True
379,6,"青鸟",,,,,,7,"青鸟",,,0,,"",False
380,6,"渡渡鸟雏",,,,,,29,,,,0,,"",False
381,6,"幼碧企鹅",,,,,,11,"见多识广的探索者",,,1,"被遗忘的探索笔记","推进“重生之境”的支线任务进度后解锁获取条件",False
382,6,"睡羊羊",,,,,,6,"睡羊羊",,,0,,"",False
383,6,"小小蔓德拉",,,,,,7,"小小蔓德拉",,,0,,"",False
384,6,"不说话的蜂鸟",,,,,,31,,,,4,"逆转要害沙斯塔夏溶洞","突破“重生之境”的指定迷宫后解锁获取条件",False
385,6,"梦魔娃娃",,,,,,7,"梦魔娃娃",,,0,,"",False
386,6,"小小吉尔伽美什",,,,,,28,,,,0,,"",False
387,6,"洋葱王子",,,,,,7,"洋葱王子",,,0,,"",False
388,6,"茄子骑士",,,,,,7,"茄子骑士",,,0,,"",False
389,6,"蒜头明星",,,,,,7,"蒜头明星",,,0,,"",False
390,6,"番茄国王",,,,,,7,"番茄国王",,,0,,"",False
391,6,"蔓德拉王后",,,,,,7,"蔓德拉王后",,,0,,"",False
392,6,"迷你奥尔特罗斯",,,,,,33,,,,4,,"突破“重生之境”的指定讨伐歼灭战后解锁获取条件",False
393,6,"恩奇都",,,,,,33,,,,4,,"突破“重生之境”的指定讨伐歼灭战后解锁获取条件",False
394,6,"小小阿托莫斯",,,,,,7,"小小阿托莫斯",,,0,,"",False
395,6,"风筝小猫",,,,,,31,,,,4,"天山绝顶索姆阿尔灵峰","突破“苍穹之禁城”的指定迷宫后解锁获取条件",False
396,6,"小熊猫",,,,,,31,,,,4,"邪龙王座龙巢神殿","突破“苍穹之禁城”的指定迷宫后解锁获取条件",False
397,6,"企鹅王子",,,,,,11,"盘上的军事家1",,,1,"前往游乐场","推进“重生之境”的支线任务进度后解锁获取条件",False
398,6,"波奇",,,,,,16,,,,1,"前往游乐场","推进“重生之境”的支线任务进度后解锁获取条件",False
399,6,"疣猪小子",,,,,,31,,,,4,"驱除剧毒妖花！","突破“苍穹之禁城”的指定迷宫后解锁获取条件",False
400,6,"旅雀儿",,,,,,31,,,,4,"讨伐爆弹怪的女王！","突破“红莲之狂潮”的指定迷宫后解锁获取条件",False
401,6,"迷你奇美拉",,,,,,7,"迷你奇美拉",,,0,,"",False
402,6,"小雪童子",,,,,,7,"小雪童子",,,1,"决战之地，其名为丰水地带","推进“红莲之狂潮”的支线任务进度后解锁获取条件",False
403,6,"小妖狐",,,,,,27,,,,1,"红莲之狂潮","推进“红莲之狂潮”的主线任务进度后解锁获取条件",False
404,6,"鲸头鹳",,,,,,31,,,,4,"莫古力贤王歼殛战","突破“暗影之逆焰”的指定迷宫后解锁获取条件",False
405,6,"猪小仙",,,,,,7,"猪小仙",,,0,,"",False
406,6,"沙狐",,,,,,26,,,,1,"某妖狐的幻巧拼图","推进“暗影之逆焰”的支线任务进度后解锁获取条件",False
407,6,"莫莫拉·莫拉！！！",,,,,,11,"海钓爱好者4",,,1,"引人注目的出海垂钓","推进“重生之境”的支线任务进度后解锁获取条件",False
408,5,"通讯珠",,,,,,14,,,,0,,"",True
409,9,,,,,,,11,"冲突的王者第4赛季",,,0,,"",True
410,11,,,,,,,11,"冲突的勇者第4赛季",,,0,,"",True
411,11,,,,,,,11,"冲突的获奖者第4赛季",,,0,,"",True
412,9,,,,,,,13,"ENpcBase#1005417","Level#6245610",,0,,"",True
413,11,,,,,,,13,"ENpcBase#1005417","Level#6245610",,0,,"",True
414,11,,,,,,,13,"ENpcBase#1005417","Level#6245610",,0,,"",True
415,11,,,,,,,13,"ENpcBase#1005417","Level#6245610",,0,,"",True
416,11,,,,,,,13,"ENpcBase#1005417","Level#6245610",,0,,"",True
417,11,,,,,,,13,"ENpcBase#1005417","Level#6245610",,0,,"",True
418,9,,,,,,,11,"冲突的王者第5赛季",,,0,,"",True
419,11,,,,,,,11,"冲突的勇者第5赛季",,,0,,"",True
420,11,,,,,,,11,"冲突的获奖者第5赛季",,,0,,"",True
421,9,,,,,,,13,"ENpcBase#1005417","Level#6245610",,0,,"",True
422,11,,,,,,,13,"ENpcBase#1005417","Level#6245610",,0,,"",True
423,11,,,,,,,13,"ENpcBase#1005417","Level#6245610",,0,,"",True
424,11,,,,,,,13,"ENpcBase#1005417","Level#6245610",,0,,"",True
425,11,,,,,,,13,"ENpcBase#1005417","Level#6245610",,0,,"",True
426,11,,,,,,,13,"ENpcBase#1005417","Level#6245610",,0,,"",True
427,9,,,,,,,14,,,,0,,"",True
428,9,,,,,,,14,,,,0,,"",True
429,9,,,,,,,17,,,,1," 永远的梦园","推进“暗影之逆焰”的友好部族任务进度后解锁获取条件",False
430,9,,,,,,,17,,,,1," 民族大融合","推进“暗影之逆焰”的友好部族任务进度后解锁获取条件",False
431,9,,,,,,,17,,,,1," 守护诺弗兰特的和平！","推进“暗影之逆焰”的友好部族任务进度后解锁获取条件",False
432,9,,,,,,,17,,,,1," 河马骑手团","推进“晓月之终途”的友好部族任务进度后解锁获取条件",False
433,9,,,,,,,17,,,,1," 梦想永不会完结！","推进“晓月之终途”的友好部族任务进度后解锁获取条件",False
434,4,,,,,,,3,,,,3,,"开放“晓月之终途”的指定绝境战后解锁获取条件",False
435,6,"胖儿陆行鸟",,,,,,16,,,,1,"前往游乐场","推进“重生之境”的支线任务进度后解锁获取条件",False
436,6,"粘液胶",,,,,,31,,,,4,"骚乱坑道铜铃铜山","突破“重生之境”的指定迷宫后解锁获取条件",False
437,6,"奥猴宝宝",,,,,,31,,,,4,"纷争要地布雷福洛克斯野营地","突破“重生之境”的指定迷宫后解锁获取条件",False
438,6,"小脚雪人",,,,,,7,"小脚雪人",,,0,,"",False
439,6,"浅瞳",,,,,,11,"萌宠之王2",,,1,"金碟欢迎您","推进“重生之境”的支线任务进度后解锁获取条件",False
440,6,"蓝闪蝶",,,,,,31,,,,4,"完成集团战训练！","突破“苍穹之禁城”的指定迷宫后解锁获取条件",False
441,6,"波罗·罗格",,,,,,2,"星海的呼唤",,,1,"彼岸的捷报","推进“苍穹之禁城”的主线任务进度后解锁获取条件",False
442,6,"水小滴",,,,,,31,,,,4,"大桥上的决斗","突破“暗影之逆焰”的指定迷宫后解锁获取条件",False
443,6,"分福",,,,,,7,"分福",,,0,,"",False
444,6,"小刺猬",,,,,,7,"小刺猬",,,0,,"",False
445,6,"鼯鼠",,,,,,26,,,,1,"某妖狐的幻巧拼图","推进“暗影之逆焰”的支线任务进度后解锁获取条件",False
446,6,"吉多",,,,,,31,,,,4,"注意无敌的眷属，讨伐大型妖异！","突破“红莲之狂潮”的指定迷宫后解锁获取条件",False
447,6,"椒盐海豹",,,,,,31,,,,4,"迦楼罗讨伐战","突破“红莲之狂潮”的指定迷宫后解锁获取条件",False
448,6,"六角小螈螈",,,,,,7,"六角小螈螈",,,0,,"",False
449,6,"小鸭嘴兽",,,,,,22,,,,1,"狂热兵团的初级怪物狩猎","推进“暗影之逆焰”的支线任务进度后解锁获取条件",False
450,6,"丑小鸭",,,,,,31,,,,4,"空中神域不获岛","突破“苍穹之禁城”的指定迷宫后解锁获取条件",False
451,6,"白小虎",,,,,,7,"白小虎",,,0,,"",False
452,6,"朱孔雀",,,,,,7,"朱孔雀",,,0,,"",False
453,6,"青帝",,,,,,7,"青帝",,,0,,"",False
454,6,"迷你雅·修特拉",,,,,,12,"迷你雅·修特拉",,,1,"超越幻想，究极神兵","推进“重生之境”的主线任务进度后解锁获取条件",False
455,6,"迷你敏菲利亚",,,,,,6,"迷你敏菲利亚",,,1,"超越幻想，究极神兵","推进“重生之境”的主线任务进度后解锁获取条件",False
456,6,"迷你桑克瑞德",,,,,,6,"迷你桑克瑞德",,,1,"超越幻想，究极神兵","推进“重生之境”的主线任务进度后解锁获取条件",False
457,6,"迷你伊达",,,,,,12,"迷你伊达",,,1,"超越幻想，究极神兵","推进“重生之境”的主线任务进度后解锁获取条件",False
458,6,"迷你帕帕力莫",,,,,,12,"迷你帕帕力莫",,,1,"超越幻想，究极神兵","推进“重生之境”的主线任务进度后解锁获取条件",False
459,6,"迷你于里昂热",,,,,,12,"迷你于里昂热",,,1,"超越幻想，究极神兵","推进“重生之境”的主线任务进度后解锁获取条件",False
460,6,"迷你阿尔菲诺",,,,,,2,"搜寻伊塞勒",,,1,"阿尔菲诺的计策","推进“苍穹之禁城”的主线任务进度后解锁获取条件",False
461,6,"迷你阿莉塞",,,,,,12,"迷你阿莉塞",,,1,"超越幻想，究极神兵","推进“重生之境”的主线任务进度后解锁获取条件",False
462,6,"迷你塔塔露",,,,,,12,"迷你塔塔露",,,1,"超越幻想，究极神兵","推进“重生之境”的主线任务进度后解锁获取条件",False
463,6,"迷你西德",,,,,,2,"来自北方之人",,,1,"魔大陆的钥匙","推进“苍穹之禁城”的主线任务进度后解锁获取条件",False
464,6,"猫耳小小员",,,,,,25,,,,1,"出发！前往无人岛！","推进“晓月之终途”的支线任务进度后解锁获取条件",False
465,9,,,,,,,20,,,,1,"谜团笼罩的正统优雷卡","推进“晓月之终途”的支线任务进度后解锁获取条件",False
466,9,,,,,,,20,,,,1,"优雷卡的真相","推进“晓月之终途”的支线任务进度后解锁获取条件",False
467,1,"犹如春夜一梦",,,,,,2,"犹如春夜一梦",,,1,"群青的誓言","推进“红莲之狂潮”的编年史任务进度后解锁获取条件",False
468,9,,,,,,,25,,,,1,"出发！前往无人岛！","推进“晓月之终途”的支线任务进度后解锁获取条件",False
469,9,,,,,,,25,,,,1,"出发！前往无人岛！","推进“晓月之终途”的支线任务进度后解锁获取条件",False
470,5,"摇兔兔耳",,,,,,2," 梦想永不会完结！",,,1," 开设播音电台吧！","推进“晓月之终途”的友好部族任务进度后解锁获取条件",False
471,5,"手抚胸",,,,,,14,,,,0,,"",True
472,6,"擦擦羽衣精",,,,,,34,,,,3,,"推进“晓月之终途”的支线任务进度后解锁获取条件",False
473,6,"吉娃汪",,,,,,7,"吉娃汪",,,0,,"",False
474,6,"肥肥风筝猫",,,,,,7,"肥肥风筝猫",,,0,,"",False
475,6,"娜娜珂小熊",,,,,,7,"娜娜珂小熊",,,0,,"",False
476,6,"黑豆柴",,,,,,31,,,,4,"利维亚桑歼灭战","突破“暗影之逆焰”的指定迷宫后解锁获取条件",False
477,6,"小树袋熊",,,,,,7,"小树袋熊",,,0,,"",False
478,6,"水豚幼崽",,,,,,7,"水豚幼崽",,,0,,"",False
479,6,"小旗",,,,,,7,"小旗",,,0,,"",False
480,6,"柯基犬",,,,,,26,,,,1,"某妖狐的幻巧拼图","推进“暗影之逆焰”的支线任务进度后解锁获取条件",False
481,6,"银山雀儿",,,,,,7,"银山雀儿",,,0,,"",False
482,6,"小草贤人",,,,,,7,"小草贤人",,,0,,"",False
483,6,"悌阳象族人偶",,,,,,17,,,,1," 新的配送服务","推进“晓月之终途”的友好部族任务进度后解锁获取条件",False
484,6,"格雷布洛弗玩偶",,,,,,7,"格雷布洛弗玩偶",,,0,,"",False
485,6,"探明威",,,,,,17,,,,1," 来尝试烹饪吧！","推进“晓月之终途”的友好部族任务进度后解锁获取条件",False
486,6,"集成奥密克戎",,,,,,31,,,,4,"希瓦歼灭战","突破“晓月之终途”的指定迷宫后解锁获取条件",False
487,6,"迷你欧米茄M",,,,,,4,"库洛·阿里亚珀","Level#6526530","迷你欧米茄M",1,"天书奇谈","推进“苍穹之禁城”的支线任务进度后解锁获取条件",False
488,6,"迷你欧米茄F",,,,,,4,"库洛·阿里亚珀","Level#6526530","迷你欧米茄F",1,"天书奇谈","推进“苍穹之禁城”的支线任务进度后解锁获取条件",False
489,6,"迷你欧米茄",,,,,,33,,,,4,,"突破“红莲之狂潮”的指定讨伐歼灭战后解锁获取条件",False
490,6,"迷你阿尔法",,,,,,2,"让梦乘上翅膀",,,1,"最终之战","推进“红莲之狂潮”的支线任务进度后解锁获取条件",False
491,6,"迷你可露儿",,,,,,6,"迷你可露儿",,,0,,"",False
492,6,"迷你穆恩布瑞达",,,,,,2,"灵魂继承者",,,1,"纠缠不清的宿命","推进“苍穹之禁城”的主线任务进度后解锁获取条件",False
493,6,"非正宗调查员",,,,,,2,"随风而逝的结局",,,1,"在血液中蔓延的诅咒","推进“重生之境”的支线任务进度后解锁获取条件",False
494,6,"迷你娜娜莫",,,,,,28,,,,0,,"",False
495,6,"迷你奥尔什方",,,,,,2,"光与暗的分界",,,1,"动荡的皇都","推进“苍穹之禁城”的主线任务进度后解锁获取条件",False
496,6,"迷你艾默里克",,,,,,2,"绝命怒嚎",,,1,"英雄们的时间","推进“苍穹之禁城”的主线任务进度后解锁获取条件",False
497,6,"迷你埃斯蒂尼安",,,,,,4,"库洛·阿里亚珀","Level#6526530","迷你埃斯蒂尼安",1,"天书奇谈","推进“苍穹之禁城”的支线任务进度后解锁获取条件",False
498,6,"迷你尼禄",,,,,,16,,,,1,"前往游乐场","推进“重生之境”的支线任务进度后解锁获取条件",False
499,6,"袖珍领袖",,,,,,28,,,,0,,"",False
500,6,"袖珍领袖",,,,,,28,,,,0,,"",False
501,6,"袖珍领袖",,,,,,28,,,,0,,"",False
502,9,,,,,,,11,"冲突的王者第6赛季",,,0,,"",True
503,11,,,,,,,11,"冲突的勇者第6赛季",,,0,,"",True
504,11,,,,,,,11,"冲突的获奖者第6赛季",,,0,,"",True
505,9,,,,,,,13,"ENpcBase#1005417","Level#6245610",,0,,"",True
506,11,,,,,,,13,"ENpcBase#1005417","Level#6245610",,0,,"",True
507,11,,,,,,,13,"ENpcBase#1005417","Level#6245610",,0,,"",True
508,11,,,,,,,13,"ENpcBase#1005417","Level#6245610",,0,,"",True
509,11,,,,,,,13,"ENpcBase#1005417","Level#6245610",,0,,"",True
510,11,,,,,,,13,"ENpcBase#1005417","Level#6245610",,0,,"",True
511,9,,,,,,,11,"冲突的王者第7赛季",,,0,,"",True
512,11,,,,,,,11,"冲突的勇者第7赛季",,,0,,"",True
513,11,,,,,,,11,"冲突的获奖者第7赛季",,,0,,"",True
514,9,,,,,,,13,"ENpcBase#1005417","Level#6245610",,0,,"",True
515,11,,,,,,,13,"ENpcBase#1005417","Level#6245610",,0,,"",True
516,11,,,,,,,13,"ENpcBase#1005417","Level#6245610",,0,,"",True
517,11,,,,,,,13,"ENpcBase#1005417","Level#6245610",,0,,"",True
518,11,,,,,,,13,"ENpcBase#1005417","Level#6245610",,0,,"",True
519,11,,,,,,,13,"ENpcBase#1005417","Level#6245610",,0,,"",True
520,9,,,,,,,14,,,,0,,"",True
521,9,,,,,,,14,,,,0,,"",True
522,9,,,,,,,19,,,,1,"真正的齐格弗里德","推进“青魔法师”的特职任务进度后解锁获取条件",False
523,9,,,,,,,35,,,,0,,"",True
524,9,,,,,,,17,,,,1," 付丧神之缘","推进“红莲之狂潮”的友好部族任务进度后解锁获取条件",False
525,9,,,,,,,17,,,,1," 跨越种族之桥","推进“红莲之狂潮”的友好部族任务进度后解锁获取条件",False
526,9,,,,,,,17,,,,1," 庆祝吧鲶鱼精","推进“红莲之狂潮”的友好部族任务进度后解锁获取条件",False
527,0,,,,,,,0,,,,0,,"",False
528,9,,,,,,,24,,,,3,,"推进“晓月之终途”的支线任务进度后解锁获取条件",False
529,9,,,,,,,36,,,,1,"引人注目的出海垂钓","推进“重生之境”的支线任务进度后解锁获取条件",False
530,9,,,,,,,36,,,,1,"代理渔头希希蒲","推进“捕鱼人”的职业任务进度后解锁获取条件",False
531,9,,,,,,,36,,,,1,"多玛方城战入门之旅","推进“重生之境”的支线任务进度后解锁获取条件",False
532,5,"比对文献",,,,,,24,,,,3,,"推进“晓月之终途”的支线任务进度后解锁获取条件",False
533,5,"垂头丧气",,,,,,14,,,,0,,"",False
534,6,"私用棒槌树",,,,,,7,"私用棒槌树",,,0,,"",False
535,6,"忍犬白丸",,,,,,34,,,,4,,"推进“晓月之终途”的支线任务进度后解锁获取条件",False
536,6,"忍犬黑丸",,,,,,34,,,,4,,"推进“晓月之终途”的支线任务进度后解锁获取条件",False
537,6,"迷你莫艾石像",,,,,,7,"迷你莫艾石像",,,0,,"",False
538,6,"迷你阿泽玛",,,,,,32,,,,4,,"突破“晓月之终途”的指定团队任务后解锁获取条件",False
539,6,"迷你哈罗妮",,,,,,32,,,,4,,"突破“晓月之终途”的指定团队任务后解锁获取条件",False
540,6,"迷你奥修昂",,,,,,32,,,,4,,"突破“晓月之终途”的指定团队任务后解锁获取条件",False
541,6,"砂砾小像兵",,,,,,7,"砂砾小像兵",,,0,,"",False
542,6,"小木乃伊",,,,,,31,,,,4,"苏醒遗迹喀恩埋没圣堂","突破“重生之境”的指定迷宫后解锁获取条件",False
543,6,"芬里尔幼崽",,,,,,7,"芬里尔幼崽",,,0,,"",False
544,6,"小凉南希",,,,,,31,,,,4,"利维亚桑歼殛战","突破“暗影之逆焰”的指定迷宫后解锁获取条件",False
545,6,"小矮兔",,,,,,7,"小矮兔",,,0,,"",False
546,6,"狐獴",,,,,,7,"狐獴",,,0,,"",False
547,6,"暗斗鱼苗",,,,,,7,"暗斗鱼苗",,,0,,"",False
548,6,"猫头小鹰",,,,,,31,,,,4,"博物战舰无限回廊","突破“苍穹之禁城”的指定迷宫后解锁获取条件",False
549,6,"猎鹰",,,,,,18,,,,1,"仰望天穹之街","推进“苍穹之禁城”的支线任务进度后解锁获取条件",False
550,6,"蓝足鲣鸟",,,,,,7,"蓝足鲣鸟",,,0,,"",False
551,6,"新型迷你雅·修特拉",,,,,,12,"新型迷你雅·修特拉",,,0,,"",False
552,6,"新型迷你桑克瑞德",,,,,,4,"库洛·阿里亚珀","Level#6526530","新型迷你桑克瑞德",1,"天书奇谈","推进“苍穹之禁城”的支线任务进度后解锁获取条件",False
553,6,"迷你路易索瓦",,,,,,11,"称霸最终大迷宫1",,,3,,"推进“重生之境”的编年史任务进度后解锁获取条件",False
554,6,"新型迷你阿莉塞",,,,,,4,"库洛·阿里亚珀","Level#6526530","新型迷你阿莉塞",1,"天书奇谈","推进“苍穹之禁城”的支线任务进度后解锁获取条件",False
555,6,"迷你戈德伯特",,,,,,6,"迷你戈德伯特",,,0,,"",True
556,6,"迷你冰之巫女",,,,,,12,"迷你冰之巫女",,,0,,"",False
557,6,"迷你夕雾",,,,,,12,"迷你夕雾",,,0,,"",False
558,6,"迷你艾达",,,,,,7,"迷你艾达",,,1,"安息吧朋友","推进“苍穹之禁城”的支线任务进度后解锁获取条件",False
559,6,"迷你熙洛",,,,,,4,"库洛·阿里亚珀","Level#6526530","迷你熙洛",1,"天书奇谈","推进“苍穹之禁城”的支线任务进度后解锁获取条件",False
560,6,"迷你古·拉哈",,,,,,2,"暗影之逆焰",,,1,"那个人的结局","推进“暗影之逆焰”的主线任务进度后解锁获取条件",False
561,6,"尘世幻龙",,,,,,2,"前往密约之塔",,,1,"收缴来的武器","推进“重生之境”的主线任务进度后解锁获取条件",False
562,6,"迷你赫拉斯瓦尔格",,,,,,12,"迷你赫拉斯瓦尔格",,,0,,"",False
563,6,"迷你尼德霍格",,,,,,12,"迷你尼德霍格",,,0,,"",False
564,6,"粉红糖豆人",,,,,,4,"金碟声誉兑换员","Level#10215752","粉红糖豆人",1,"抓紧胜利的王冠！","推进“重生之境”的支线任务进度后解锁获取条件",True
565,6,"糖豆企鹅",,,,,,4,"金碟声誉兑换员","Level#10215752","糖豆企鹅",1,"抓紧胜利的王冠！","推进“重生之境”的支线任务进度后解锁获取条件",True
566,0,,,,,,,0,,,,0,,"",False
567,9,,,,,,,17,,,,1,"感激之情，难以比喻","推进“苍穹之禁城”的友好部族任务进度后解锁获取条件",False
568,9,,,,,,,17,,,,1,"离群者的故事","推进“苍穹之禁城”的友好部族任务进度后解锁获取条件",False
569,9,,,,,,,17,,,,1,"着眼未来的修复团！","推进“苍穹之禁城”的友好部族任务进度后解锁获取条件",False
570,9,,,,,,,4,"库洛·阿里亚珀","Level#6526530","肖像教材：天书奇谈",1,"天书奇谈","推进“苍穹之禁城”的支线任务进度后解锁获取条件",False
571,9,,,,,,,26,,,,1,"某妖狐的幻巧拼图","推进“暗影之逆焰”的支线任务进度后解锁获取条件",False
572,9,,,,,,,2,"受众神眷顾之地——艾欧泽亚",,,1,"荣华神域塔利亚","推进“晓月之终途”的编年史任务进度后解锁获取条件",False
573,9,,,,,,,2,"联系你我至永远的大繁荣之轮",,,1,"联系晓月与未来的大繁荣之轮","推进“晓月之终途”的支线任务进度后解锁获取条件",False
574,9,,,,,,,24,,,,3,,"推进“晓月之终途”的支线任务进度后解锁获取条件",False
575,9,,,,,,,4,"金碟声誉兑换员","Level#10215752","肖像教材：金碟巨豆中心1",1,"抓紧胜利的王冠！","推进“重生之境”的支线任务进度后解锁获取条件",True
576,9,,,,,,,4,"金碟声誉兑换员","Level#10215752","肖像教材：金碟巨豆中心2",1,"抓紧胜利的王冠！","推进“重生之境”的支线任务进度后解锁获取条件",True
577,9,,,,,,,4,"金碟声誉兑换员","Level#10215752","肖像教材：金碟巨豆中心3",1,"抓紧胜利的王冠！","推进“重生之境”的支线任务进度后解锁获取条件",True
578,9,,,,,,,14,,,,0,,"",False
579,9,,,,,,,14,,,,0,,"",False
580,9,,,,,,,11,"冲突的王者第8赛季",,,0,,"",True
581,11,,,,,,,11,"冲突的勇者第8赛季",,,0,,"",True
582,11,,,,,,,11,"冲突的获奖者第8赛季",,,0,,"",True
583,9,,,,,,,13,"ENpcBase#1005417","Level#6245610",,0,,"",True
584,11,,,,,,,13,"ENpcBase#1005417","Level#6245610",,0,,"",True
585,11,,,,,,,13,"ENpcBase#1005417","Level#6245610",,0,,"",True
586,11,,,,,,,13,"ENpcBase#1005417","Level#6245610",,0,,"",True
587,11,,,,,,,13,"ENpcBase#1005417","Level#6245610",,0,,"",True
588,11,,,,,,,13,"ENpcBase#1005417","Level#6245610",,0,,"",True
589,9,,,,,,,11,"冲突的王者第9赛季",,,0,,"",True
590,11,,,,,,,11,"冲突的勇者第9赛季",,,0,,"",True
591,11,,,,,,,11,"冲突的获奖者第9赛季",,,0,,"",True
592,9,,,,,,,13,"ENpcBase#1005417","Level#6245610",,0,,"",True
593,11,,,,,,,13,"ENpcBase#1005417","Level#6245610",,0,,"",True
594,11,,,,,,,13,"ENpcBase#1005417","Level#6245610",,0,,"",True
595,11,,,,,,,13,"ENpcBase#1005417","Level#6245610",,0,,"",True
596,11,,,,,,,13,"ENpcBase#1005417","Level#6245610",,0,,"",True
597,11,,,,,,,13,"ENpcBase#1005417","Level#6245610",,0,,"",True
598,9,,,,,,,11,"冲突的王者第10赛季",,,0,,"",True
599,11,,,,,,,11,"冲突的勇者第10赛季",,,0,,"",True
600,11,,,,,,,11,"冲突的获奖者第10赛季",,,0,,"",True
601,9,,,,,,,13,"ENpcBase#1005417","Level#6245610",,0,,"",True
602,11,,,,,,,13,"ENpcBase#1005417","Level#6245610",,0,,"",True
603,11,,,,,,,13,"ENpcBase#1005417","Level#6245610",,0,,"",True
604,11,,,,,,,13,"ENpcBase#1005417","Level#6245610",,0,,"",True
605,11,,,,,,,13,"ENpcBase#1005417","Level#6245610",,0,,"",True
606,11,,,,,,,13,"ENpcBase#1005417","Level#6245610",,0,,"",True
607,0,,,,,,,0,,,,0,,"",False
608,0,,,,,,,0,,,,0,,"",False
609,0,,,,,,,0,,,,0,,"",False
610,0,,,,,,,0,,,,0,,"",False
611,0,,,,,,,0,,,,0,,"",False
612,0,,,,,,,0,,,,0,,"",False
613,0,,,,,,,0,,,,0,,"",False
614,0,,,,,,,0,,,,0,,"",False
615,0,,,,,,,0,,,,0,,"",False
616,0,,,,,,,0,,,,0,,"",False
617,0,,,,,,,0,,,,0,,"",False
618,0,,,,,,,0,,,,0,,"",False
619,0,,,,,,,0,,,,0,,"",False
620,0,,,,,,,0,,,,0,,"",False
